nombre,email
Maria 1,usuario_1@outlook.com
Pedro 2,usuario_2@empresa.it
Ana 3,usuario_3@universidad.edu
Luis 4,usuario_4@invalido
Elena 5,usuario_5_sin_arroba
Carlos 6,usuario_6@outlook.com
Sofia 7,usuario_7@empresa.it
Juan 8,usuario_8@universidad.edu
Maria 9,usuario_9@invalido
Pedro 10,usuario_10_sin_arroba
Ana 11,usuario_11@outlook.com
Luis 12,usuario_12@empresa.it
Elena 13,usuario_13@universidad.edu
Carlos 14,usuario_14@invalido
Sofia 15,usuario_15_sin_arroba
Juan 16,usuario_16@outlook.com
Maria 17,usuario_17@empresa.it
Pedro 18,usuario_18@universidad.edu
Ana 19,usuario_19@invalido
Luis 20,usuario_20_sin_arroba
Elena 21,usuario_21@outlook.com
Carlos 22,usuario_22@empresa.it
Sofia 23,usuario_23@universidad.edu
Juan 24,usuario_24@invalido
Maria 25,usuario_25_sin_arroba
Pedro 26,usuario_26@outlook.com
Ana 27,usuario_27@empresa.it
Luis 28,usuario_28@universidad.edu
Elena 29,usuario_29@invalido
Carlos 30,usuario_30_sin_arroba
Sofia 31,usuario_31@outlook.com
Juan 32,usuario_32@empresa.it
Maria 33,usuario_33@universidad.edu
Pedro 34,usuario_34@invalido
Ana 35,usuario_35_sin_arroba
Luis 36,usuario_36@outlook.com
Elena 37,usuario_37@empresa.it
Carlos 38,usuario_38@universidad.edu
Sofia 39,usuario_39@invalido
Juan 40,usuario_40_sin_arroba
Maria 41,usuario_41@outlook.com
Pedro 42,usuario_42@empresa.it
Ana 43,usuario_43@universidad.edu
Luis 44,usuario_44@invalido
Elena 45,usuario_45_sin_arroba
Carlos 46,usuario_46@outlook.com
Sofia 47,usuario_47@empresa.it
Juan 48,usuario_48@universidad.edu
Maria 49,usuario_49@invalido
Pedro 50,usuario_50_sin_arroba
Ana 51,usuario_51@outlook.com
Luis 52,usuario_52@empresa.it
Elena 53,usuario_53@universidad.edu
Carlos 54,usuario_54@invalido
Sofia 55,usuario_55_sin_arroba
Juan 56,usuario_56@outlook.com
Maria 57,usuario_57@empresa.it
Pedro 58,usuario_58@universidad.edu
Ana 59,usuario_59@invalido
Luis 60,usuario_60_sin_arroba
Elena 61,usuario_61@outlook.com
Carlos 62,usuario_62@empresa.it
Sofia 63,usuario_63@universidad.edu
Juan 64,usuario_64@invalido
Maria 65,usuario_65_sin_arroba
Pedro 66,usuario_66@outlook.com
Ana 67,usuario_67@empresa.it
Luis 68,usuario_68@universidad.edu
Elena 69,usuario_69@invalido
Carlos 70,usuario_70_sin_arroba
Sofia 71,usuario_71@outlook.com
Juan 72,usuario_72@empresa.it
Maria 73,usuario_73@universidad.edu
Pedro 74,usuario_74@invalido
Ana 75,usuario_75_sin_arroba
Luis 76,usuario_76@outlook.com
Elena 77,usuario_77@empresa.it
Carlos 78,usuario_78@universidad.edu
Sofia 79,usuario_79@invalido
Juan 80,usuario_80_sin_arroba
Maria 81,usuario_81@outlook.com
Pedro 82,usuario_82@empresa.it
Ana 83,usuario_83@universidad.edu
Luis 84,usuario_84@invalido
Elena 85,usuario_85_sin_arroba
Carlos 86,usuario_86@outlook.com
Sofia 87,usuario_87@empresa.it
Juan 88,usuario_88@universidad.edu
Maria 89,usuario_89@invalido
Pedro 90,usuario_90_sin_arroba
Ana 91,usuario_91@outlook.com
Luis 92,usuario_92@empresa.it
Elena 93,usuario_93@universidad.edu
Carlos 94,usuario_94@invalido
Sofia 95,usuario_95_sin_arroba
Juan 96,usuario_96@outlook.com
Maria 97,usuario_97@empresa.it
Pedro 98,usuario_98@universidad.edu
Ana 99,usuario_99@invalido
Luis 100,usuario_100_sin_arroba
Elena 101,usuario_101@outlook.com
Carlos 102,usuario_102@empresa.it
Sofia 103,usuario_103@universidad.edu
Juan 104,usuario_104@invalido
Maria 105,usuario_105_sin_arroba
Pedro 106,usuario_106@outlook.com
Ana 107,usuario_107@empresa.it
Luis 108,usuario_108@universidad.edu
Elena 109,usuario_109@invalido
Carlos 110,usuario_110_sin_arroba
Sofia 111,usuario_111@outlook.com
Juan 112,usuario_112@empresa.it
Maria 113,usuario_113@universidad.edu
Pedro 114,usuario_114@invalido
Ana 115,usuario_115_sin_arroba
Luis 116,usuario_116@outlook.com
Elena 117,usuario_117@empresa.it
Carlos 118,usuario_118@universidad.edu
Sofia 119,usuario_119@invalido
Juan 120,usuario_120_sin_arroba
Maria 121,usuario_121@outlook.com
Pedro 122,usuario_122@empresa.it
Ana 123,usuario_123@universidad.edu
Luis 124,usuario_124@invalido
Elena 125,usuario_125_sin_arroba
Carlos 126,usuario_126@outlook.com
Sofia 127,usuario_127@empresa.it
Juan 128,usuario_128@universidad.edu
Maria 129,usuario_129@invalido
Pedro 130,usuario_130_sin_arroba
Ana 131,usuario_131@outlook.com
Luis 132,usuario_132@empresa.it
Elena 133,usuario_133@universidad.edu
Carlos 134,usuario_134@invalido
Sofia 135,usuario_135_sin_arroba
Juan 136,usuario_136@outlook.com
Maria 137,usuario_137@empresa.it
Pedro 138,usuario_138@universidad.edu
Ana 139,usuario_139@invalido
Luis 140,usuario_140_sin_arroba
Elena 141,usuario_141@outlook.com
Carlos 142,usuario_142@empresa.it
Sofia 143,usuario_143@universidad.edu
Juan 144,usuario_144@invalido
Maria 145,usuario_145_sin_arroba
Pedro 146,usuario_146@outlook.com
Ana 147,usuario_147@empresa.it
Luis 148,usuario_148@universidad.edu
Elena 149,usuario_149@invalido
Carlos 150,usuario_150_sin_arroba
Sofia 151,usuario_151@outlook.com
Juan 152,usuario_152@empresa.it
Maria 153,usuario_153@universidad.edu
Pedro 154,usuario_154@invalido
Ana 155,usuario_155_sin_arroba
Luis 156,usuario_156@outlook.com
Elena 157,usuario_157@empresa.it
Carlos 158,usuario_158@universidad.edu
Sofia 159,usuario_159@invalido
Juan 160,usuario_160_sin_arroba
Maria 161,usuario_161@outlook.com
Pedro 162,usuario_162@empresa.it
Ana 163,usuario_163@universidad.edu
Luis 164,usuario_164@invalido
Elena 165,usuario_165_sin_arroba
Carlos 166,usuario_166@outlook.com
Sofia 167,usuario_167@empresa.it
Juan 168,usuario_168@universidad.edu
Maria 169,usuario_169@invalido
Pedro 170,usuario_170_sin_arroba
Ana 171,usuario_171@outlook.com
Luis 172,usuario_172@empresa.it
Elena 173,usuario_173@universidad.edu
Carlos 174,usuario_174@invalido
Sofia 175,usuario_175_sin_arroba
Juan 176,usuario_176@outlook.com
Maria 177,usuario_177@empresa.it
Pedro 178,usuario_178@universidad.edu
Ana 179,usuario_179@invalido
Luis 180,usuario_180_sin_arroba
Elena 181,usuario_181@outlook.com
Carlos 182,usuario_182@empresa.it
Sofia 183,usuario_183@universidad.edu
Juan 184,usuario_184@invalido
Maria 185,usuario_185_sin_arroba
Pedro 186,usuario_186@outlook.com
Ana 187,usuario_187@empresa.it
Luis 188,usuario_188@universidad.edu
Elena 189,usuario_189@invalido
Carlos 190,usuario_190_sin_arroba
Sofia 191,usuario_191@outlook.com
Juan 192,usuario_192@empresa.it
Maria 193,usuario_193@universidad.edu
Pedro 194,usuario_194@invalido
Ana 195,usuario_195_sin_arroba
Luis 196,usuario_196@outlook.com
Elena 197,usuario_197@empresa.it
Carlos 198,usuario_198@universidad.edu
Sofia 199,usuario_199@invalido
Juan 200,usuario_200_sin_arroba
Maria 201,usuario_201@outlook.com
Pedro 202,usuario_202@empresa.it
Ana 203,usuario_203@universidad.edu
Luis 204,usuario_204@invalido
Elena 205,usuario_205_sin_arroba
Carlos 206,usuario_206@outlook.com
Sofia 207,usuario_207@empresa.it
Juan 208,usuario_208@universidad.edu
Maria 209,usuario_209@invalido
Pedro 210,usuario_210_sin_arroba
Ana 211,usuario_211@outlook.com
Luis 212,usuario_212@empresa.it
Elena 213,usuario_213@universidad.edu
Carlos 214,usuario_214@invalido
Sofia 215,usuario_215_sin_arroba
Juan 216,usuario_216@outlook.com
Maria 217,usuario_217@empresa.it
Pedro 218,usuario_218@universidad.edu
Ana 219,usuario_219@invalido
Luis 220,usuario_220_sin_arroba
Elena 221,usuario_221@outlook.com
Carlos 222,usuario_222@empresa.it
Sofia 223,usuario_223@universidad.edu
Juan 224,usuario_224@invalido
Maria 225,usuario_225_sin_arroba
Pedro 226,usuario_226@outlook.com
Ana 227,usuario_227@empresa.it
Luis 228,usuario_228@universidad.edu
Elena 229,usuario_229@invalido
Carlos 230,usuario_230_sin_arroba
Sofia 231,usuario_231@outlook.com
Juan 232,usuario_232@empresa.it
Maria 233,usuario_233@universidad.edu
Pedro 234,usuario_234@invalido
Ana 235,usuario_235_sin_arroba
Luis 236,usuario_236@outlook.com
Elena 237,usuario_237@empresa.it
Carlos 238,usuario_238@universidad.edu
Sofia 239,usuario_239@invalido
Juan 240,usuario_240_sin_arroba
Maria 241,usuario_241@outlook.com
Pedro 242,usuario_242@empresa.it
Ana 243,usuario_243@universidad.edu
Luis 244,usuario_244@invalido
Elena 245,usuario_245_sin_arroba
Carlos 246,usuario_246@outlook.com
Sofia 247,usuario_247@empresa.it
Juan 248,usuario_248@universidad.edu
Maria 249,usuario_249@invalido
Pedro 250,usuario_250_sin_arroba
Ana 251,usuario_251@outlook.com
Luis 252,usuario_252@empresa.it
Elena 253,usuario_253@universidad.edu
Carlos 254,usuario_254@invalido
Sofia 255,usuario_255_sin_arroba
Juan 256,usuario_256@outlook.com
Maria 257,usuario_257@empresa.it
Pedro 258,usuario_258@universidad.edu
Ana 259,usuario_259@invalido
Luis 260,usuario_260_sin_arroba
Elena 261,usuario_261@outlook.com
Carlos 262,usuario_262@empresa.it
Sofia 263,usuario_263@universidad.edu
Juan 264,usuario_264@invalido
Maria 265,usuario_265_sin_arroba
Pedro 266,usuario_266@outlook.com
Ana 267,usuario_267@empresa.it
Luis 268,usuario_268@universidad.edu
Elena 269,usuario_269@invalido
Carlos 270,usuario_270_sin_arroba
Sofia 271,usuario_271@outlook.com
Juan 272,usuario_272@empresa.it
Maria 273,usuario_273@universidad.edu
Pedro 274,usuario_274@invalido
Ana 275,usuario_275_sin_arroba
Luis 276,usuario_276@outlook.com
Elena 277,usuario_277@empresa.it
Carlos 278,usuario_278@universidad.edu
Sofia 279,usuario_279@invalido
Juan 280,usuario_280_sin_arroba
Maria 281,usuario_281@outlook.com
Pedro 282,usuario_282@empresa.it
Ana 283,usuario_283@universidad.edu
Luis 284,usuario_284@invalido
Elena 285,usuario_285_sin_arroba
Carlos 286,usuario_286@outlook.com
Sofia 287,usuario_287@empresa.it
Juan 288,usuario_288@universidad.edu
Maria 289,usuario_289@invalido
Pedro 290,usuario_290_sin_arroba
Ana 291,usuario_291@outlook.com
Luis 292,usuario_292@empresa.it
Elena 293,usuario_293@universidad.edu
Carlos 294,usuario_294@invalido
Sofia 295,usuario_295_sin_arroba
Juan 296,usuario_296@outlook.com
Maria 297,usuario_297@empresa.it
Pedro 298,usuario_298@universidad.edu
Ana 299,usuario_299@invalido
Luis 300,usuario_300_sin_arroba
Elena 301,usuario_301@outlook.com
Carlos 302,usuario_302@empresa.it
Sofia 303,usuario_303@universidad.edu
Juan 304,usuario_304@invalido
Maria 305,usuario_305_sin_arroba
Pedro 306,usuario_306@outlook.com
Ana 307,usuario_307@empresa.it
Luis 308,usuario_308@universidad.edu
Elena 309,usuario_309@invalido
Carlos 310,usuario_310_sin_arroba
Sofia 311,usuario_311@outlook.com
Juan 312,usuario_312@empresa.it
Maria 313,usuario_313@universidad.edu
Pedro 314,usuario_314@invalido
Ana 315,usuario_315_sin_arroba
Luis 316,usuario_316@outlook.com
Elena 317,usuario_317@empresa.it
Carlos 318,usuario_318@universidad.edu
Sofia 319,usuario_319@invalido
Juan 320,usuario_320_sin_arroba
Maria 321,usuario_321@outlook.com
Pedro 322,usuario_322@empresa.it
Ana 323,usuario_323@universidad.edu
Luis 324,usuario_324@invalido
Elena 325,usuario_325_sin_arroba
Carlos 326,usuario_326@outlook.com
Sofia 327,usuario_327@empresa.it
Juan 328,usuario_328@universidad.edu
Maria 329,usuario_329@invalido
Pedro 330,usuario_330_sin_arroba
Ana 331,usuario_331@outlook.com
Luis 332,usuario_332@empresa.it
Elena 333,usuario_333@universidad.edu
Carlos 334,usuario_334@invalido
Sofia 335,usuario_335_sin_arroba
Juan 336,usuario_336@outlook.com
Maria 337,usuario_337@empresa.it
Pedro 338,usuario_338@universidad.edu
Ana 339,usuario_339@invalido
Luis 340,usuario_340_sin_arroba
Elena 341,usuario_341@outlook.com
Carlos 342,usuario_342@empresa.it
Sofia 343,usuario_343@universidad.edu
Juan 344,usuario_344@invalido
Maria 345,usuario_345_sin_arroba
Pedro 346,usuario_346@outlook.com
Ana 347,usuario_347@empresa.it
Luis 348,usuario_348@universidad.edu
Elena 349,usuario_349@invalido
Carlos 350,usuario_350_sin_arroba
Sofia 351,usuario_351@outlook.com
Juan 352,usuario_352@empresa.it
Maria 353,usuario_353@universidad.edu
Pedro 354,usuario_354@invalido
Ana 355,usuario_355_sin_arroba
Luis 356,usuario_356@outlook.com
Elena 357,usuario_357@empresa.it
Carlos 358,usuario_358@universidad.edu
Sofia 359,usuario_359@invalido
Juan 360,usuario_360_sin_arroba
Maria 361,usuario_361@outlook.com
Pedro 362,usuario_362@empresa.it
Ana 363,usuario_363@universidad.edu
Luis 364,usuario_364@invalido
Elena 365,usuario_365_sin_arroba
Carlos 366,usuario_366@outlook.com
Sofia 367,usuario_367@empresa.it
Juan 368,usuario_368@universidad.edu
Maria 369,usuario_369@invalido
Pedro 370,usuario_370_sin_arroba
Ana 371,usuario_371@outlook.com
Luis 372,usuario_372@empresa.it
Elena 373,usuario_373@universidad.edu
Carlos 374,usuario_374@invalido
Sofia 375,usuario_375_sin_arroba
Juan 376,usuario_376@outlook.com
Maria 377,usuario_377@empresa.it
Pedro 378,usuario_378@universidad.edu
Ana 379,usuario_379@invalido
Luis 380,usuario_380_sin_arroba
Elena 381,usuario_381@outlook.com
Carlos 382,usuario_382@empresa.it
Sofia 383,usuario_383@universidad.edu
Juan 384,usuario_384@invalido
Maria 385,usuario_385_sin_arroba
Pedro 386,usuario_386@outlook.com
Ana 387,usuario_387@empresa.it
Luis 388,usuario_388@universidad.edu
Elena 389,usuario_389@invalido
Carlos 390,usuario_390_sin_arroba
Sofia 391,usuario_391@outlook.com
Juan 392,usuario_392@empresa.it
Maria 393,usuario_393@universidad.edu
Pedro 394,usuario_394@invalido
Ana 395,usuario_395_sin_arroba
Luis 396,usuario_396@outlook.com
Elena 397,usuario_397@empresa.it
Carlos 398,usuario_398@universidad.edu
Sofia 399,usuario_399@invalido
Juan 400,usuario_400_sin_arroba
Maria 401,usuario_401@outlook.com
Pedro 402,usuario_402@empresa.it
Ana 403,usuario_403@universidad.edu
Luis 404,usuario_404@invalido
Elena 405,usuario_405_sin_arroba
Carlos 406,usuario_406@outlook.com
Sofia 407,usuario_407@empresa.it
Juan 408,usuario_408@universidad.edu
Maria 409,usuario_409@invalido
Pedro 410,usuario_410_sin_arroba
Ana 411,usuario_411@outlook.com
Luis 412,usuario_412@empresa.it
Elena 413,usuario_413@universidad.edu
Carlos 414,usuario_414@invalido
Sofia 415,usuario_415_sin_arroba
Juan 416,usuario_416@outlook.com
Maria 417,usuario_417@empresa.it
Pedro 418,usuario_418@universidad.edu
Ana 419,usuario_419@invalido
Luis 420,usuario_420_sin_arroba
Elena 421,usuario_421@outlook.com
Carlos 422,usuario_422@empresa.it
Sofia 423,usuario_423@universidad.edu
Juan 424,usuario_424@invalido
Maria 425,usuario_425_sin_arroba
Pedro 426,usuario_426@outlook.com
Ana 427,usuario_427@empresa.it
Luis 428,usuario_428@universidad.edu
Elena 429,usuario_429@invalido
Carlos 430,usuario_430_sin_arroba
Sofia 431,usuario_431@outlook.com
Juan 432,usuario_432@empresa.it
Maria 433,usuario_433@universidad.edu
Pedro 434,usuario_434@invalido
Ana 435,usuario_435_sin_arroba
Luis 436,usuario_436@outlook.com
Elena 437,usuario_437@empresa.it
Carlos 438,usuario_438@universidad.edu
Sofia 439,usuario_439@invalido
Juan 440,usuario_440_sin_arroba
Maria 441,usuario_441@outlook.com
Pedro 442,usuario_442@empresa.it
Ana 443,usuario_443@universidad.edu
Luis 444,usuario_444@invalido
Elena 445,usuario_445_sin_arroba
Carlos 446,usuario_446@outlook.com
Sofia 447,usuario_447@empresa.it
Juan 448,usuario_448@universidad.edu
Maria 449,usuario_449@invalido
Pedro 450,usuario_450_sin_arroba
Ana 451,usuario_451@outlook.com
Luis 452,usuario_452@empresa.it
Elena 453,usuario_453@universidad.edu
Carlos 454,usuario_454@invalido
Sofia 455,usuario_455_sin_arroba
Juan 456,usuario_456@outlook.com
Maria 457,usuario_457@empresa.it
Pedro 458,usuario_458@universidad.edu
Ana 459,usuario_459@invalido
Luis 460,usuario_460_sin_arroba
Elena 461,usuario_461@outlook.com
Carlos 462,usuario_462@empresa.it
Sofia 463,usuario_463@universidad.edu
Juan 464,usuario_464@invalido
Maria 465,usuario_465_sin_arroba
Pedro 466,usuario_466@outlook.com
Ana 467,usuario_467@empresa.it
Luis 468,usuario_468@universidad.edu
Elena 469,usuario_469@invalido
Carlos 470,usuario_470_sin_arroba
Sofia 471,usuario_471@outlook.com
Juan 472,usuario_472@empresa.it
Maria 473,usuario_473@universidad.edu
Pedro 474,usuario_474@invalido
Ana 475,usuario_475_sin_arroba
Luis 476,usuario_476@outlook.com
Elena 477,usuario_477@empresa.it
Carlos 478,usuario_478@universidad.edu
Sofia 479,usuario_479@invalido
Juan 480,usuario_480_sin_arroba
Maria 481,usuario_481@outlook.com
Pedro 482,usuario_482@empresa.it
Ana 483,usuario_483@universidad.edu
Luis 484,usuario_484@invalido
Elena 485,usuario_485_sin_arroba
Carlos 486,usuario_486@outlook.com
Sofia 487,usuario_487@empresa.it
Juan 488,usuario_488@universidad.edu
Maria 489,usuario_489@invalido
Pedro 490,usuario_490_sin_arroba
Ana 491,usuario_491@outlook.com
Luis 492,usuario_492@empresa.it
Elena 493,usuario_493@universidad.edu
Carlos 494,usuario_494@invalido
Sofia 495,usuario_495_sin_arroba
Juan 496,usuario_496@outlook.com
Maria 497,usuario_497@empresa.it
Pedro 498,usuario_498@universidad.edu
Ana 499,usuario_499@invalido
Luis 500,usuario_500_sin_arroba
Elena 501,usuario_501@outlook.com
Carlos 502,usuario_502@empresa.it
Sofia 503,usuario_503@universidad.edu
Juan 504,usuario_504@invalido
Maria 505,usuario_505_sin_arroba
Pedro 506,usuario_506@outlook.com
Ana 507,usuario_507@empresa.it
Luis 508,usuario_508@universidad.edu
Elena 509,usuario_509@invalido
Carlos 510,usuario_510_sin_arroba
Sofia 511,usuario_511@outlook.com
Juan 512,usuario_512@empresa.it
Maria 513,usuario_513@universidad.edu
Pedro 514,usuario_514@invalido
Ana 515,usuario_515_sin_arroba
Luis 516,usuario_516@outlook.com
Elena 517,usuario_517@empresa.it
Carlos 518,usuario_518@universidad.edu
Sofia 519,usuario_519@invalido
Juan 520,usuario_520_sin_arroba
Maria 521,usuario_521@outlook.com
Pedro 522,usuario_522@empresa.it
Ana 523,usuario_523@universidad.edu
Luis 524,usuario_524@invalido
Elena 525,usuario_525_sin_arroba
Carlos 526,usuario_526@outlook.com
Sofia 527,usuario_527@empresa.it
Juan 528,usuario_528@universidad.edu
Maria 529,usuario_529@invalido
Pedro 530,usuario_530_sin_arroba
Ana 531,usuario_531@outlook.com
Luis 532,usuario_532@empresa.it
Elena 533,usuario_533@universidad.edu
Carlos 534,usuario_534@invalido
Sofia 535,usuario_535_sin_arroba
Juan 536,usuario_536@outlook.com
Maria 537,usuario_537@empresa.it
Pedro 538,usuario_538@universidad.edu
Ana 539,usuario_539@invalido
Luis 540,usuario_540_sin_arroba
Elena 541,usuario_541@outlook.com
Carlos 542,usuario_542@empresa.it
Sofia 543,usuario_543@universidad.edu
Juan 544,usuario_544@invalido
Maria 545,usuario_545_sin_arroba
Pedro 546,usuario_546@outlook.com
Ana 547,usuario_547@empresa.it
Luis 548,usuario_548@universidad.edu
Elena 549,usuario_549@invalido
Carlos 550,usuario_550_sin_arroba
Sofia 551,usuario_551@outlook.com
Juan 552,usuario_552@empresa.it
Maria 553,usuario_553@universidad.edu
Pedro 554,usuario_554@invalido
Ana 555,usuario_555_sin_arroba
Luis 556,usuario_556@outlook.com
Elena 557,usuario_557@empresa.it
Carlos 558,usuario_558@universidad.edu
Sofia 559,usuario_559@invalido
Juan 560,usuario_560_sin_arroba
Maria 561,usuario_561@outlook.com
Pedro 562,usuario_562@empresa.it
Ana 563,usuario_563@universidad.edu
Luis 564,usuario_564@invalido
Elena 565,usuario_565_sin_arroba
Carlos 566,usuario_566@outlook.com
Sofia 567,usuario_567@empresa.it
Juan 568,usuario_568@universidad.edu
Maria 569,usuario_569@invalido
Pedro 570,usuario_570_sin_arroba
Ana 571,usuario_571@outlook.com
Luis 572,usuario_572@empresa.it
Elena 573,usuario_573@universidad.edu
Carlos 574,usuario_574@invalido
Sofia 575,usuario_575_sin_arroba
Juan 576,usuario_576@outlook.com
Maria 577,usuario_577@empresa.it
Pedro 578,usuario_578@universidad.edu
Ana 579,usuario_579@invalido
Luis 580,usuario_580_sin_arroba
Elena 581,usuario_581@outlook.com
Carlos 582,usuario_582@empresa.it
Sofia 583,usuario_583@universidad.edu
Juan 584,usuario_584@invalido
Maria 585,usuario_585_sin_arroba
Pedro 586,usuario_586@outlook.com
Ana 587,usuario_587@empresa.it
Luis 588,usuario_588@universidad.edu
Elena 589,usuario_589@invalido
Carlos 590,usuario_590_sin_arroba
Sofia 591,usuario_591@outlook.com
Juan 592,usuario_592@empresa.it
Maria 593,usuario_593@universidad.edu
Pedro 594,usuario_594@invalido
Ana 595,usuario_595_sin_arroba
Luis 596,usuario_596@outlook.com
Elena 597,usuario_597@empresa.it
Carlos 598,usuario_598@universidad.edu
Sofia 599,usuario_599@invalido
Juan 600,usuario_600_sin_arroba
Maria 601,usuario_601@outlook.com
Pedro 602,usuario_602@empresa.it
Ana 603,usuario_603@universidad.edu
Luis 604,usuario_604@invalido
Elena 605,usuario_605_sin_arroba
Carlos 606,usuario_606@outlook.com
Sofia 607,usuario_607@empresa.it
Juan 608,usuario_608@universidad.edu
Maria 609,usuario_609@invalido
Pedro 610,usuario_610_sin_arroba
Ana 611,usuario_611@outlook.com
Luis 612,usuario_612@empresa.it
Elena 613,usuario_613@universidad.edu
Carlos 614,usuario_614@invalido
Sofia 615,usuario_615_sin_arroba
Juan 616,usuario_616@outlook.com
Maria 617,usuario_617@empresa.it
Pedro 618,usuario_618@universidad.edu
Ana 619,usuario_619@invalido
Luis 620,usuario_620_sin_arroba
Elena 621,usuario_621@outlook.com
Carlos 622,usuario_622@empresa.it
Sofia 623,usuario_623@universidad.edu
Juan 624,usuario_624@invalido
Maria 625,usuario_625_sin_arroba
Pedro 626,usuario_626@outlook.com
Ana 627,usuario_627@empresa.it
Luis 628,usuario_628@universidad.edu
Elena 629,usuario_629@invalido
Carlos 630,usuario_630_sin_arroba
Sofia 631,usuario_631@outlook.com
Juan 632,usuario_632@empresa.it
Maria 633,usuario_633@universidad.edu
Pedro 634,usuario_634@invalido
Ana 635,usuario_635_sin_arroba
Luis 636,usuario_636@outlook.com
Elena 637,usuario_637@empresa.it
Carlos 638,usuario_638@universidad.edu
Sofia 639,usuario_639@invalido
Juan 640,usuario_640_sin_arroba
Maria 641,usuario_641@outlook.com
Pedro 642,usuario_642@empresa.it
Ana 643,usuario_643@universidad.edu
Luis 644,usuario_644@invalido
Elena 645,usuario_645_sin_arroba
Carlos 646,usuario_646@outlook.com
Sofia 647,usuario_647@empresa.it
Juan 648,usuario_648@universidad.edu
Maria 649,usuario_649@invalido
Pedro 650,usuario_650_sin_arroba
Ana 651,usuario_651@outlook.com
Luis 652,usuario_652@empresa.it
Elena 653,usuario_653@universidad.edu
Carlos 654,usuario_654@invalido
Sofia 655,usuario_655_sin_arroba
Juan 656,usuario_656@outlook.com
Maria 657,usuario_657@empresa.it
Pedro 658,usuario_658@universidad.edu
Ana 659,usuario_659@invalido
Luis 660,usuario_660_sin_arroba
Elena 661,usuario_661@outlook.com
Carlos 662,usuario_662@empresa.it
Sofia 663,usuario_663@universidad.edu
Juan 664,usuario_664@invalido
Maria 665,usuario_665_sin_arroba
Pedro 666,usuario_666@outlook.com
Ana 667,usuario_667@empresa.it
Luis 668,usuario_668@universidad.edu
Elena 669,usuario_669@invalido
Carlos 670,usuario_670_sin_arroba
Sofia 671,usuario_671@outlook.com
Juan 672,usuario_672@empresa.it
Maria 673,usuario_673@universidad.edu
Pedro 674,usuario_674@invalido
Ana 675,usuario_675_sin_arroba
Luis 676,usuario_676@outlook.com
Elena 677,usuario_677@empresa.it
Carlos 678,usuario_678@universidad.edu
Sofia 679,usuario_679@invalido
Juan 680,usuario_680_sin_arroba
Maria 681,usuario_681@outlook.com
Pedro 682,usuario_682@empresa.it
Ana 683,usuario_683@universidad.edu
Luis 684,usuario_684@invalido
Elena 685,usuario_685_sin_arroba
Carlos 686,usuario_686@outlook.com
Sofia 687,usuario_687@empresa.it
Juan 688,usuario_688@universidad.edu
Maria 689,usuario_689@invalido
Pedro 690,usuario_690_sin_arroba
Ana 691,usuario_691@outlook.com
Luis 692,usuario_692@empresa.it
Elena 693,usuario_693@universidad.edu
Carlos 694,usuario_694@invalido
Sofia 695,usuario_695_sin_arroba
Juan 696,usuario_696@outlook.com
Maria 697,usuario_697@empresa.it
Pedro 698,usuario_698@universidad.edu
Ana 699,usuario_699@invalido
Luis 700,usuario_700_sin_arroba
Elena 701,usuario_701@outlook.com
Carlos 702,usuario_702@empresa.it
Sofia 703,usuario_703@universidad.edu
Juan 704,usuario_704@invalido
Maria 705,usuario_705_sin_arroba
Pedro 706,usuario_706@outlook.com
Ana 707,usuario_707@empresa.it
Luis 708,usuario_708@universidad.edu
Elena 709,usuario_709@invalido
Carlos 710,usuario_710_sin_arroba
Sofia 711,usuario_711@outlook.com
Juan 712,usuario_712@empresa.it
Maria 713,usuario_713@universidad.edu
Pedro 714,usuario_714@invalido
Ana 715,usuario_715_sin_arroba
Luis 716,usuario_716@outlook.com
Elena 717,usuario_717@empresa.it
Carlos 718,usuario_718@universidad.edu
Sofia 719,usuario_719@invalido
Juan 720,usuario_720_sin_arroba
Maria 721,usuario_721@outlook.com
Pedro 722,usuario_722@empresa.it
Ana 723,usuario_723@universidad.edu
Luis 724,usuario_724@invalido
Elena 725,usuario_725_sin_arroba
Carlos 726,usuario_726@outlook.com
Sofia 727,usuario_727@empresa.it
Juan 728,usuario_728@universidad.edu
Maria 729,usuario_729@invalido
Pedro 730,usuario_730_sin_arroba
Ana 731,usuario_731@outlook.com
Luis 732,usuario_732@empresa.it
Elena 733,usuario_733@universidad.edu
Carlos 734,usuario_734@invalido
Sofia 735,usuario_735_sin_arroba
Juan 736,usuario_736@outlook.com
Maria 737,usuario_737@empresa.it
Pedro 738,usuario_738@universidad.edu
Ana 739,usuario_739@invalido
Luis 740,usuario_740_sin_arroba
Elena 741,usuario_741@outlook.com
Carlos 742,usuario_742@empresa.it
Sofia 743,usuario_743@universidad.edu
Juan 744,usuario_744@invalido
Maria 745,usuario_745_sin_arroba
Pedro 746,usuario_746@outlook.com
Ana 747,usuario_747@empresa.it
Luis 748,usuario_748@universidad.edu
Elena 749,usuario_749@invalido
Carlos 750,usuario_750_sin_arroba
Sofia 751,usuario_751@outlook.com
Juan 752,usuario_752@empresa.it
Maria 753,usuario_753@universidad.edu
Pedro 754,usuario_754@invalido
Ana 755,usuario_755_sin_arroba
Luis 756,usuario_756@outlook.com
Elena 757,usuario_757@empresa.it
Carlos 758,usuario_758@universidad.edu
Sofia 759,usuario_759@invalido
Juan 760,usuario_760_sin_arroba
Maria 761,usuario_761@outlook.com
Pedro 762,usuario_762@empresa.it
Ana 763,usuario_763@universidad.edu
Luis 764,usuario_764@invalido
Elena 765,usuario_765_sin_arroba
Carlos 766,usuario_766@outlook.com
Sofia 767,usuario_767@empresa.it
Juan 768,usuario_768@universidad.edu
Maria 769,usuario_769@invalido
Pedro 770,usuario_770_sin_arroba
Ana 771,usuario_771@outlook.com
Luis 772,usuario_772@empresa.it
Elena 773,usuario_773@universidad.edu
Carlos 774,usuario_774@invalido
Sofia 775,usuario_775_sin_arroba
Juan 776,usuario_776@outlook.com
Maria 777,usuario_777@empresa.it
Pedro 778,usuario_778@universidad.edu
Ana 779,usuario_779@invalido
Luis 780,usuario_780_sin_arroba
Elena 781,usuario_781@outlook.com
Carlos 782,usuario_782@empresa.it
Sofia 783,usuario_783@universidad.edu
Juan 784,usuario_784@invalido
Maria 785,usuario_785_sin_arroba
Pedro 786,usuario_786@outlook.com
Ana 787,usuario_787@empresa.it
Luis 788,usuario_788@universidad.edu
Elena 789,usuario_789@invalido
Carlos 790,usuario_790_sin_arroba
Sofia 791,usuario_791@outlook.com
Juan 792,usuario_792@empresa.it
Maria 793,usuario_793@universidad.edu
Pedro 794,usuario_794@invalido
Ana 795,usuario_795_sin_arroba
Luis 796,usuario_796@outlook.com
Elena 797,usuario_797@empresa.it
Carlos 798,usuario_798@universidad.edu
Sofia 799,usuario_799@invalido
Juan 800,usuario_800_sin_arroba
Maria 801,usuario_801@outlook.com
Pedro 802,usuario_802@empresa.it
Ana 803,usuario_803@universidad.edu
Luis 804,usuario_804@invalido
Elena 805,usuario_805_sin_arroba
Carlos 806,usuario_806@outlook.com
Sofia 807,usuario_807@empresa.it
Juan 808,usuario_808@universidad.edu
Maria 809,usuario_809@invalido
Pedro 810,usuario_810_sin_arroba
Ana 811,usuario_811@outlook.com
Luis 812,usuario_812@empresa.it
Elena 813,usuario_813@universidad.edu
Carlos 814,usuario_814@invalido
Sofia 815,usuario_815_sin_arroba
Juan 816,usuario_816@outlook.com
Maria 817,usuario_817@empresa.it
Pedro 818,usuario_818@universidad.edu
Ana 819,usuario_819@invalido
Luis 820,usuario_820_sin_arroba
Elena 821,usuario_821@outlook.com
Carlos 822,usuario_822@empresa.it
Sofia 823,usuario_823@universidad.edu
Juan 824,usuario_824@invalido
Maria 825,usuario_825_sin_arroba
Pedro 826,usuario_826@outlook.com
Ana 827,usuario_827@empresa.it
Luis 828,usuario_828@universidad.edu
Elena 829,usuario_829@invalido
Carlos 830,usuario_830_sin_arroba
Sofia 831,usuario_831@outlook.com
Juan 832,usuario_832@empresa.it
Maria 833,usuario_833@universidad.edu
Pedro 834,usuario_834@invalido
Ana 835,usuario_835_sin_arroba
Luis 836,usuario_836@outlook.com
Elena 837,usuario_837@empresa.it
Carlos 838,usuario_838@universidad.edu
Sofia 839,usuario_839@invalido
Juan 840,usuario_840_sin_arroba
Maria 841,usuario_841@outlook.com
Pedro 842,usuario_842@empresa.it
Ana 843,usuario_843@universidad.edu
Luis 844,usuario_844@invalido
Elena 845,usuario_845_sin_arroba
Carlos 846,usuario_846@outlook.com
Sofia 847,usuario_847@empresa.it
Juan 848,usuario_848@universidad.edu
Maria 849,usuario_849@invalido
Pedro 850,usuario_850_sin_arroba
Ana 851,usuario_851@outlook.com
Luis 852,usuario_852@empresa.it
Elena 853,usuario_853@universidad.edu
Carlos 854,usuario_854@invalido
Sofia 855,usuario_855_sin_arroba
Juan 856,usuario_856@outlook.com
Maria 857,usuario_857@empresa.it
Pedro 858,usuario_858@universidad.edu
Ana 859,usuario_859@invalido
Luis 860,usuario_860_sin_arroba
Elena 861,usuario_861@outlook.com
Carlos 862,usuario_862@empresa.it
Sofia 863,usuario_863@universidad.edu
Juan 864,usuario_864@invalido
Maria 865,usuario_865_sin_arroba
Pedro 866,usuario_866@outlook.com
Ana 867,usuario_867@empresa.it
Luis 868,usuario_868@universidad.edu
Elena 869,usuario_869@invalido
Carlos 870,usuario_870_sin_arroba
Sofia 871,usuario_871@outlook.com
Juan 872,usuario_872@empresa.it
Maria 873,usuario_873@universidad.edu
Pedro 874,usuario_874@invalido
Ana 875,usuario_875_sin_arroba
Luis 876,usuario_876@outlook.com
Elena 877,usuario_877@empresa.it
Carlos 878,usuario_878@universidad.edu
Sofia 879,usuario_879@invalido
Juan 880,usuario_880_sin_arroba
Maria 881,usuario_881@outlook.com
Pedro 882,usuario_882@empresa.it
Ana 883,usuario_883@universidad.edu
Luis 884,usuario_884@invalido
Elena 885,usuario_885_sin_arroba
Carlos 886,usuario_886@outlook.com
Sofia 887,usuario_887@empresa.it
Juan 888,usuario_888@universidad.edu
Maria 889,usuario_889@invalido
Pedro 890,usuario_890_sin_arroba
Ana 891,usuario_891@outlook.com
Luis 892,usuario_892@empresa.it
Elena 893,usuario_893@universidad.edu
Carlos 894,usuario_894@invalido
Sofia 895,usuario_895_sin_arroba
Juan 896,usuario_896@outlook.com
Maria 897,usuario_897@empresa.it
Pedro 898,usuario_898@universidad.edu
Ana 899,usuario_899@invalido
Luis 900,usuario_900_sin_arroba
Elena 901,usuario_901@outlook.com
Carlos 902,usuario_902@empresa.it
Sofia 903,usuario_903@universidad.edu
Juan 904,usuario_904@invalido
Maria 905,usuario_905_sin_arroba
Pedro 906,usuario_906@outlook.com
Ana 907,usuario_907@empresa.it
Luis 908,usuario_908@universidad.edu
Elena 909,usuario_909@invalido
Carlos 910,usuario_910_sin_arroba
Sofia 911,usuario_911@outlook.com
Juan 912,usuario_912@empresa.it
Maria 913,usuario_913@universidad.edu
Pedro 914,usuario_914@invalido
Ana 915,usuario_915_sin_arroba
Luis 916,usuario_916@outlook.com
Elena 917,usuario_917@empresa.it
Carlos 918,usuario_918@universidad.edu
Sofia 919,usuario_919@invalido
Juan 920,usuario_920_sin_arroba
Maria 921,usuario_921@outlook.com
Pedro 922,usuario_922@empresa.it
Ana 923,usuario_923@universidad.edu
Luis 924,usuario_924@invalido
Elena 925,usuario_925_sin_arroba
Carlos 926,usuario_926@outlook.com
Sofia 927,usuario_927@empresa.it
Juan 928,usuario_928@universidad.edu
Maria 929,usuario_929@invalido
Pedro 930,usuario_930_sin_arroba
Ana 931,usuario_931@outlook.com
Luis 932,usuario_932@empresa.it
Elena 933,usuario_933@universidad.edu
Carlos 934,usuario_934@invalido
Sofia 935,usuario_935_sin_arroba
Juan 936,usuario_936@outlook.com
Maria 937,usuario_937@empresa.it
Pedro 938,usuario_938@universidad.edu
Ana 939,usuario_939@invalido
Luis 940,usuario_940_sin_arroba
Elena 941,usuario_941@outlook.com
Carlos 942,usuario_942@empresa.it
Sofia 943,usuario_943@universidad.edu
Juan 944,usuario_944@invalido
Maria 945,usuario_945_sin_arroba
Pedro 946,usuario_946@outlook.com
Ana 947,usuario_947@empresa.it
Luis 948,usuario_948@universidad.edu
Elena 949,usuario_949@invalido
Carlos 950,usuario_950_sin_arroba
Sofia 951,usuario_951@outlook.com
Juan 952,usuario_952@empresa.it
Maria 953,usuario_953@universidad.edu
Pedro 954,usuario_954@invalido
Ana 955,usuario_955_sin_arroba
Luis 956,usuario_956@outlook.com
Elena 957,usuario_957@empresa.it
Carlos 958,usuario_958@universidad.edu
Sofia 959,usuario_959@invalido
Juan 960,usuario_960_sin_arroba
Maria 961,usuario_961@outlook.com
Pedro 962,usuario_962@empresa.it
Ana 963,usuario_963@universidad.edu
Luis 964,usuario_964@invalido
Elena 965,usuario_965_sin_arroba
Carlos 966,usuario_966@outlook.com
Sofia 967,usuario_967@empresa.it
Juan 968,usuario_968@universidad.edu
Maria 969,usuario_969@invalido
Pedro 970,usuario_970_sin_arroba
Ana 971,usuario_971@outlook.com
Luis 972,usuario_972@empresa.it
Elena 973,usuario_973@universidad.edu
Carlos 974,usuario_974@invalido
Sofia 975,usuario_975_sin_arroba
Juan 976,usuario_976@outlook.com
Maria 977,usuario_977@empresa.it
Pedro 978,usuario_978@universidad.edu
Ana 979,usuario_979@invalido
Luis 980,usuario_980_sin_arroba
Elena 981,usuario_981@outlook.com
Carlos 982,usuario_982@empresa.it
Sofia 983,usuario_983@universidad.edu
Juan 984,usuario_984@invalido
Maria 985,usuario_985_sin_arroba
Pedro 986,usuario_986@outlook.com
Ana 987,usuario_987@empresa.it
Luis 988,usuario_988@universidad.edu
Elena 989,usuario_989@invalido
Carlos 990,usuario_990_sin_arroba
Sofia 991,usuario_991@outlook.com
Juan 992,usuario_992@empresa.it
Maria 993,usuario_993@universidad.edu
Pedro 994,usuario_994@invalido
Ana 995,usuario_995_sin_arroba
Luis 996,usuario_996@outlook.com
Elena 997,usuario_997@empresa.it
Carlos 998,usuario_998@universidad.edu
Sofia 999,usuario_999@invalido
Juan 1000,usuario_1000_sin_arroba
